borough,neighborhood,building_class_category,tax_class_at_present,block,lot,easement,building_class_at_present,address,apartment_number,zip_code,residential_units,commercial_units,total_units,land_sqft,gross_sqft,year_built,tax_class_at_time_of_sale,building_class_at_time_of_sale,sale_price,sale_date,borough_name,source_file,tax_class_as_of_final_roll_17/18,building_class_as_of_final_roll_17/18,tax_class_as_of_final_roll_18/19,building_class_as_of_final_roll_18/19,borough_str,pop_density,avg_income,gdp_local,dist_center,amenity_score,is_residential,price_per_sqft_real,sale_date_parsed,sale_month,borough_clean,sale_year,building_age
1.0,KIPS BAY                 ,08  RENTALS - ELEVATOR APARTMENTS           ,2,972.0,1.0, ,D7,240 1 AVENUE                             ,            ,10009.0,8759.0,46.0,8805.0,2675000.0,8942176.0,1945.0,2.0,D7,4111111766.0,2015-12-18,Unknown,2015_manhattan.xls,1,D4,1,D4,1.0,72000,88000,6.8,2.0,10.0,,459.7440003417513,,,1,,
1.0,KIPS BAY                 ,08  RENTALS - ELEVATOR APARTMENTS           ,2,972.0,1.0, ,D7,240 1 AVENUE                             ,            ,10009.0,8756.0,44.0,8800.0,2675000.0,8942176.0,1945.0,2.0,D7,4040527000.0,2006-11-17,Unknown,sales_manhattan_06.xls,1,D4,1,D4,1.0,72000,88000,6.8,2.0,10.0,,451.8505339192608,,,1,,
1.0,KIPS BAY                 ,08  RENTALS - ELEVATOR APARTMENTS           ,2,972.0,1.0, ,D7,240 1 AVENUE                             ,            ,10009.0,8756.0,44.0,8800.0,2675000.0,8942176.0,1945.0,2.0,D7,3330132711.0,2014-06-03,Unknown,2014_manhattan.xls,1,D4,1,D4,1.0,72000,88000,6.8,2.0,10.0,,372.4074219742488,2014-03-06,3.0,1,2014.0,69.0
1.0,MIDTOWN CBD              ,21  OFFICE BUILDINGS                        ,4,1294.0,1.0, ,O4,761 5 AVENUE                             ,            ,10022.0,0.0,1.0,1.0,84350.0,1824820.0,1968.0,4.0,O4,2800000000.0,2008-06-09,Unknown,sales_2008_manhattan.xls,1,D4,1,D4,1.0,72000,88000,6.8,2.0,5.15,,1534.397913218838,2008-09-06,9.0,1,2008.0,40.0
1.0,CHELSEA,21 OFFICE BUILDINGS,1,713.0,1.0, ,D4,75 9 AVENUE,            ,10011.0,0.0,167.0,167.0,165200.0,1100533.0,1905.0,4.0,O6,2397501899.0,2018-03-20,Unknown,2018_manhattan.xlsx,1,D4,4,O6,1.0,72000,88000,6.8,2.0,10.0,,2178.4916027052345,,,1,,
1.0,MIDTOWN CBD,21 OFFICE BUILDINGS                        ,1,1301.0,1.0, ,D4,245 PARK AVENUE, ,10167.0,0.0,35.0,35.0,81336.0,1586886.0,1966.0,4.0,O4,2210000000.0,2017-05-05,Unknown,2017_manhattan.xls,4,O4,1,D4,1.0,72000,88000,6.8,2.0,10.0,,1392.6646274527598,2017-05-05,5.0,1,2017.0,51.0
1.0,MIDTOWN WEST             ,43  CONDO OFFICE BUILDINGS                  ,4,994.0,1001.0, ,RB,1095 AVENUE OF THE AMER                  ,UP          ,10036.0,0.0,0.0,1.0,0.0,0.0,0.0,4.0,RB,2200000000.0,2015-01-15,Unknown,2015_manhattan.xls,1,D4,1,D4,1.0,72000,88000,6.8,2.0,5.15,,,,,1,,
1.0,JAVITS CENTER,43 CONDO OFFICE BUILDINGS,1,702.0,1302.0, ,D4,"30 HUDSON YARDS, TW",TW,10001.0,0.0,1.0,1.0,0.0,0.0,2015.0,4.0,RB,2155000000.0,2019-06-14,Unknown,2019_manhattan.xlsx,1,D4,4,RB,1.0,72000,88000,6.8,2.0,5.15,,,,,1,,
1.0,MIDTOWN CBD              ,46  CONDO STORE BUILDINGS                   ,4,1285.0,1001.0, ,RK,611 5 AVENUE                             ,A           ,10022.0,0.0,0.0,1.0,0.0,0.0,1923.0,4.0,RK,2100000000.0,2014-12-03,Unknown,2014_manhattan.xls,1,D4,1,D4,1.0,72000,88000,6.8,2.0,5.15,,,2014-03-12,3.0,1,2014.0,91.0
1.0,MIDTOWN WEST             ,21  OFFICE BUILDINGS                        ,4,1004.0,20.0, ,O4,787 7 AVENUE                             ,            ,10019.0,0.0,48.0,48.0,80333.0,1638637.0,1985.0,4.0,O4,1932900000.0,2016-01-27,Unknown,2016_manhattan.xls,1,D4,1,D4,1.0,72000,88000,6.8,2.0,10.0,,1179.5779052956816,,,1,,
1.0,MIDTOWN WEST             ,21  OFFICE BUILDINGS                        ,  ,1268.0,34.0, ,  ,666 FIFTH AVENUE                         ,            ,10019.0,0.0,0.0,0.0,0.0,0.0,0.0,4.0,O4,1800000000.0,2007-01-11,Unknown,sales_2007_manhattan.xls,1,D4,1,D4,1.0,72000,88000,6.8,2.0,5.0,,,2007-11-01,11.0,1,2007.0,200.0
1.0,MIDTOWN CBD              ,25  LUXURY HOTELS                           ,4,1304.0,9001.0, ,H1,301 PARK AVENUE                          ,            ,10022.0,0.0,1.0,1.0,81337.0,1681000.0,1930.0,4.0,H1,1791829000.0,2015-02-10,Unknown,2015_manhattan.xls,1,D4,1,D4,1.0,72000,88000,6.8,2.0,5.15,,1065.9303985722784,2015-10-02,10.0,1,2015.0,85.0
1.0,MIDTOWN WEST             ,21  OFFICE BUILDINGS                        ,4,1272.0,39.0, ,O4,730 5 AVENUE                             ,            ,10019.0,0.0,75.0,75.0,26300.0,348580.0,1921.0,4.0,O3,1775000000.0,2015-04-17,Unknown,2015_manhattan.xls,1,D4,1,D4,1.0,72000,88000,6.8,2.0,10.0,,5092.087899477881,,,1,,
1.0,CHELSEA                  ,21  OFFICE BUILDINGS                        ,4,739.0,1.0, ,O9,111 EIGHTH AVENUE                        ,            ,10011.0,0.0,61.0,61.0,165200.0,2161994.0,1931.0,4.0,O9,1770000000.0,2010-12-22,Unknown,2010_manhattan.xls,1,D4,1,D4,1.0,72000,88000,6.8,2.0,10.0,,818.6886735115824,,,1,,
1.0,TRIBECA                  ,21  OFFICE BUILDINGS                        ,4,216.0,1.0, ,O4,390 GREENWICH STREET                     ,            ,10013.0,0.0,4.0,4.0,172327.0,760000.0,1987.0,4.0,O4,1767913114.0,2016-06-10,Unknown,2016_manhattan.xls,1,D4,1,D4,1.0,72000,88000,6.8,2.0,5.6,,2326.201465789474,2016-10-06,10.0,1,2016.0,29.0
1.0,MIDTOWN WEST             ,21  OFFICE BUILDINGS                        ,4,1004.0,20.0, ,O4,787 7 AVENUE                             ,            ,10019.0,0.0,48.0,48.0,80333.0,1638637.0,1985.0,4.0,O4,1760000000.0,2009-06-17,Unknown,2009_manhattan.xls,1,D4,1,D4,1.0,72000,88000,6.8,2.0,10.0,,1074.063383165399,,,1,,
1.0,MIDTOWN WEST             ,21  OFFICE BUILDINGS                        ,4,1040.0,29.0, ,O9,825 8 AVENUE                             ,            ,10019.0,0.0,1.0,1.0,58240.0,1596521.0,1987.0,4.0,O9,1739370834.0,2007-02-09,Unknown,sales_2007_manhattan.xls,1,D4,1,D4,1.0,72000,88000,6.8,2.0,5.15,,1089.4756999751337,2007-09-02,9.0,1,2007.0,20.0
1.0,MIDTOWN CBD              ,21  OFFICE BUILDINGS                        ,4,1280.0,9010.0, ,O4,200 PARK AVENUE                          ,            ,10017.0,0.0,3.0,3.0,150701.0,2768775.0,1963.0,4.0,O4,1720000000.0,2005-05-04,Unknown,sales_manhattan_05.xls,1,D4,1,D4,1.0,72000,88000,6.8,2.0,5.45,,621.2133524753726,2005-04-05,4.0,1,2005.0,42.0
1.0,TRIBECA                  ,21  OFFICE BUILDINGS                        ,4,186.0,1.0, ,O4,107 NORTH MOORE STREET                   ,            ,10013.0,0.0,1.0,1.0,82323.0,1594289.0,1989.0,4.0,O4,1575000000.0,2007-12-18,Unknown,sales_2007_manhattan.xls,1,D4,1,D4,1.0,72000,88000,6.8,2.0,5.15,,987.901189809376,,,1,,
1.0,MIDTOWN WEST             ,21  OFFICE BUILDINGS                        ,4,1000.0,29.0, ,O4,1211 AVENUE OF THE AMERIC                ,            ,10036.0,0.0,102.0,102.0,84852.0,1984228.0,1973.0,4.0,O4,1520000000.0,2006-08-24,Unknown,sales_manhattan_06.xls,1,D4,1,D4,1.0,72000,88000,6.8,2.0,10.0,,766.0409993206426,,,1,,
1.0,MIDTOWN CBD              ,21  OFFICE BUILDINGS                        ,4,1291.0,10.0, ,O4,550 MADISON AVENUE                       ,            ,10022.0,0.0,8.0,8.0,36803.0,827686.0,1983.0,4.0,O4,1400000000.0,2016-05-26,Unknown,2016_manhattan.xls,1,D4,1,D4,1.0,72000,88000,6.8,2.0,6.2,,1691.4627044555543,,,1,,
1.0,MIDTOWN CBD              ,21  OFFICE BUILDINGS                        ,4,1294.0,1.0, ,O4,761 5 AVENUE                             ,            ,10022.0,0.0,1.0,1.0,84350.0,1824820.0,1968.0,4.0,O4,1400000000.0,2003-09-25,Unknown,sales_manhattan_03.xls,1,D4,1,D4,1.0,72000,88000,6.8,2.0,5.15,,767.198956609419,,,1,,
1.0,HARLEM-UPPER             ,37  RELIGIOUS FACILITIES                    ,4,2073.0,8.0, ,M1,553 WEST 141 STREET                      ,            ,10031.0,0.0,1.0,1.0,4996.0,5232.0,1926.0,4.0,M1,1350000000.0,2005-08-11,Unknown,sales_manhattan_05.xls,1,D4,1,D4,1.0,72000,88000,6.8,2.0,5.15,,258027.52293577985,2005-11-08,11.0,1,2005.0,79.0
1.0,KIPS BAY                 ,08  RENTALS - ELEVATOR APARTMENTS           ,2,978.0,1.0, ,D6,2 PETER COOPER ROAD                      ,            ,10009.0,2491.0,7.0,2498.0,828650.0,3122165.0,1947.0,2.0,D6,1347433250.0,2006-11-17,Unknown,sales_manhattan_06.xls,1,D4,1,D4,1.0,72000,88000,6.8,2.0,10.0,,431.5701604495599,,,1,,
1.0,KIPS BAY                 ,08  RENTALS - ELEVATOR APARTMENTS           ,2,978.0,1.0, ,D6,342 1 AVENUE                             ,            ,10009.0,2491.0,7.0,2498.0,828650.0,3122165.0,1947.0,2.0,D6,1345485019.0,2015-12-18,Unknown,2015_manhattan.xls,1,D4,1,D4,1.0,72000,88000,6.8,2.0,10.0,,430.9461604367482,,,1,,
1.0,MIDTOWN WEST             ,43  CONDO OFFICE BUILDINGS                  ,4,1049.0,1004.0, ,RB,10 COLUMBUS CIRCLE                       ,TIMEW       ,10019.0,0.0,0.0,1.0,0.0,0.0,0.0,4.0,RB,1310000000.0,2014-01-16,Unknown,2014_manhattan.xls,1,D4,1,D4,1.0,72000,88000,6.8,2.0,5.15,,,,,1,,
1.0,MIDTOWN WEST             ,28  COMMERCIAL CONDOS                       ,4,1265.0,1001.0, ,R5,30 ROCKEFELLER PLAZA                     ,TSB/1       ,10020.0,0.0,1.0,1.0,0.0,0.0,1937.0,4.0,R5,1307965050.0,2013-03-19,Unknown,2013_manhattan.xls,1,D4,1,D4,1.0,72000,88000,6.8,2.0,5.15,,,,,1,,
1.0,MIDTOWN CBD              ,21  OFFICE BUILDINGS                        ,4,1284.0,26.0, ,O4,33 EAST 48TH   STREET                    ,            ,10017.0,0.0,0.0,0.0,35200.0,799456.0,1968.0,4.0,O4,1279800000.0,2007-11-19,Unknown,sales_2007_manhattan.xls,1,D4,1,D4,1.0,72000,88000,6.8,2.0,5.0,,1600.8385702277549,,,1,,
1.0,MIDTOWN WEST             ,21  OFFICE BUILDINGS                        ,4,1004.0,29.0, ,O4,1285 AVENUE OF THE AMER                  ,            ,10019.0,0.0,77.0,77.0,80333.0,1613847.0,1961.0,4.0,O4,1279624000.0,2016-05-20,Unknown,2016_manhattan.xls,1,D4,1,D4,1.0,72000,88000,6.8,2.0,10.0,,792.9029207849319,,,1,,
1.0,MIDTOWN WEST             ,21  OFFICE BUILDINGS                        ,4,1267.0,1.0, ,O4,1290 6 AVENUE                            ,            ,10019.0,0.0,1.0,1.0,89775.0,1897491.0,1963.0,4.0,O4,1246450000.0,2006-04-26,Unknown,sales_manhattan_06.xls,1,D4,1,D4,1.0,72000,88000,6.8,2.0,5.15,,656.8937612879323,,,1,,
1.0,FINANCIAL                ,21  OFFICE BUILDINGS                        ,4,40.0,3.0, ,O4,60 WALL STREET                           ,            ,10005.0,0.0,1.0,1.0,53632.0,1617206.0,1987.0,4.0,O4,1180000000.0,2007-06-06,Unknown,sales_2007_manhattan.xls,1,D4,1,D4,1.0,72000,88000,6.8,2.0,5.15,,729.6534887948721,2007-06-06,6.0,1,2007.0,20.0
1.0,MIDTOWN CBD              ,21  OFFICE BUILDINGS                        ,4,1284.0,26.0, ,O4,33 EAST 48 STREET                        ,            ,10017.0,0.0,0.0,0.0,35200.0,799456.0,1968.0,4.0,O4,1178617310.0,2006-06-06,Unknown,sales_manhattan_06.xls,1,D4,1,D4,1.0,72000,88000,6.8,2.0,5.0,,1474.2741439178642,2006-06-06,6.0,1,2006.0,38.0
1.0,MIDTOWN CBD              ,21  OFFICE BUILDINGS                        ,4,1300.0,1.0, ,O3,230 PARK AVENUE                          ,            ,10017.0,0.0,1.0,1.0,69153.0,1212596.0,1929.0,4.0,O3,1150000000.0,2007-12-24,Unknown,sales_2007_manhattan.xls,1,D4,1,D4,1.0,72000,88000,6.8,2.0,5.15,,948.3785201336636,,,1,,
1.0,KIPS BAY                 ,08  RENTALS - ELEVATOR APARTMENTS           ,2,978.0,1.0, ,D6,3 PETER COOPER ROAD                      ,            ,10009.0,2491.0,7.0,2498.0,828650.0,3122165.0,1947.0,2.0,D6,1110044237.0,2014-06-03,Unknown,2014_manhattan.xls,1,D4,1,D4,1.0,72000,88000,6.8,2.0,10.0,,355.53669873309065,2014-03-06,3.0,1,2014.0,67.0
1.0,MIDTOWN CBD              ,21  OFFICE BUILDINGS                        ,4,1291.0,10.0, ,O4,550 MADISON AVENUE                       ,            ,10022.0,0.0,8.0,8.0,36803.0,827686.0,1983.0,4.0,O4,1100000000.0,2013-03-15,Unknown,2013_manhattan.xls,1,D4,1,D4,1.0,72000,88000,6.8,2.0,6.2,,1329.0064106436498,,,1,,
1.0,MIDTOWN CBD,22 STORE BUILDINGS,4,1292.0,64.0, ,K2,8 EAST 57 STREET,            ,10022.0,0.0,1.0,1.0,5020.0,26983.0,1996.0,4.0,K2,1080000000.0,2025-08-14,Unknown,2025_manhattan.xlsx,1,D4,1,D4,1.0,72000,88000,6.8,2.0,5.15,,40025.20105251455,,,1,,
1.0,MIDTOWN CBD,22 STORE BUILDINGS,4,1292.0,8.0, ,K2,9 EAST 56 STREET,            ,10022.0,0.0,1.0,1.0,5020.0,26983.0,1996.0,4.0,K2,1080000000.0,2025-08-14,Unknown,2025_manhattan.xlsx,1,D4,1,D4,1.0,72000,88000,6.8,2.0,5.15,,40025.20105251455,,,1,,
1.0,MIDTOWN CBD,21 OFFICE BUILDINGS,4,1292.0,15.0, ,O4,590 MADISON AVENUE,            ,10022.0,0.0,80.0,80.0,39162.0,999646.0,1981.0,4.0,O4,1080000000.0,2025-08-14,Unknown,2025_manhattan.xlsx,1,D4,1,D4,1.0,72000,88000,6.8,2.0,10.0,,1080.3824553892075,,,1,,
1.0,FINANCIAL,21 OFFICE BUILDINGS                        ,1,40.0,3.0, ,D4,60 WALL STREET, ,10005.0,0.0,1.0,1.0,53632.0,1617206.0,1987.0,4.0,O4,1040000000.0,2017-01-24,Unknown,2017_manhattan.xls,4,O4,1,D4,1.0,72000,88000,6.8,2.0,5.15,,643.0844308022602,,,1,,
1.0,JAVITS CENTER,43 CONDO OFFICE BUILDINGS,4,732.0,1001.0, ,RB,"441 NINTH AVENUE, 1",1,10001.0,1.0,1.0,1.0,2000.0,1392.0,1962.0,4.0,RB,1033000000.0,2021-12-17,Unknown,2021_manhattan.xlsx,1,D4,1,D4,1.0,72000,88000,6.8,2.0,5.15,,742097.7011494252,,,1,,
1.0,JAVITS CENTER,43 CONDO OFFICE BUILDINGS,4,732.0,1002.0, ,RB,"441 NINTH AVENUE, 2",2,10001.0,1.0,1.0,1.0,2000.0,1392.0,1962.0,4.0,RB,1033000000.0,2021-12-17,Unknown,2021_manhattan.xlsx,1,D4,1,D4,1.0,72000,88000,6.8,2.0,5.15,,742097.7011494252,,,1,,
1.0,MIDTOWN WEST             ,21  OFFICE BUILDINGS                        ,4,998.0,29.0, ,O3,1177 6 AVENUE                            ,            ,10036.0,0.0,0.0,0.0,32134.0,912955.0,1988.0,4.0,O3,1000850706.0,2007-12-20,Unknown,sales_2007_manhattan.xls,1,D4,1,D4,1.0,72000,88000,6.8,2.0,5.0,,1096.2760552272566,,,1,,
1.0,UPPER WEST SIDE (59-79),34 THEATRES,1,1119.0,61.0, ,D4,149 COLUMBUS AVENUE,            ,10023.0,0.0,1.0,1.0,15059.0,99769.0,1978.0,4.0,J6,980000000.0,2018-06-15,Unknown,2018_manhattan.xlsx,1,D4,4,J6,1.0,72000,88000,6.8,2.0,5.15,,9822.690414858323,,,1,,
1.0,FASHION,22 STORE BUILDINGS,4,840.0,42.0, ,K3,424/434 5 AVENUE,            ,10018.0,0.0,4.0,4.0,51271.0,697029.0,1920.0,4.0,K3,978090439.0,2020-03-12,Unknown,2020_manhattan.xlsx,1,D4,1,D4,1.0,72000,88000,6.8,2.0,5.6,,1403.2277552296964,2020-12-03,12.0,1,2020.0,100.0
1.0,MIDTOWN WEST             ,28  COMMERCIAL CONDOS                       ,4,998.0,1005.0, ,R5,1540 BROADWAY                            ,OFFC        ,10036.0,0.0,1.0,1.0,0.0,0.0,1987.0,4.0,R5,967555811.0,2007-02-09,Unknown,sales_2007_manhattan.xls,1,D4,1,D4,1.0,72000,88000,6.8,2.0,5.15,,,2007-09-02,9.0,1,2007.0,20.0
1.0,MIDTOWN CBD,46 CONDO STORE BUILDINGS,4,1291.0,1301.0, ,RK,"717 5 AVENUE, RETL",RETL,10022.0,1.0,1.0,1.0,2000.0,1392.0,1958.0,4.0,RK,963000000.0,2024-01-22,Unknown,2024_manhattan.xlsx,1,D4,1,D4,1.0,72000,88000,6.8,2.0,5.15,,691810.3448275862,,,1,,
1.0,MIDTOWN CBD,43 CONDO OFFICE BUILDINGS,4,1291.0,1302.0, ,RB,"717 5 AVENUE, 4-OFF",4-OFF,10022.0,1.0,1.0,1.0,2000.0,1392.0,1958.0,4.0,RB,963000000.0,2024-01-22,Unknown,2024_manhattan.xlsx,1,D4,1,D4,1.0,72000,88000,6.8,2.0,5.15,,691810.3448275862,,,1,,
1.0,UPPER WEST SIDE (59-79),34 THEATRES,4,1119.0,43.0, ,J6,30 WEST 67TH STREET,            ,10023.0,0.0,1.0,1.0,10042.0,129885.0,1978.0,4.0,J6,931000000.0,2022-03-18,Unknown,2022_manhattan.xlsx,1,D4,1,D4,1.0,72000,88000,6.8,2.0,5.15,,7167.879277822689,,,1,,
1.0,UPPER WEST SIDE (59-79),34 THEATRES,4,1119.0,61.0, ,J6,149 COLUMBUS AVENUE,            ,10023.0,0.0,1.0,1.0,15059.0,99769.0,1978.0,4.0,J6,931000000.0,2022-03-18,Unknown,2022_manhattan.xlsx,1,D4,1,D4,1.0,72000,88000,6.8,2.0,5.15,,9331.555894115409,,,1,,
1.0,UPPER WEST SIDE (59-79),34 THEATRES,4,1119.0,1.0, ,J6,147 COLUMBUS AVENUE,            ,10023.0,0.0,1.0,1.0,15075.0,133835.0,1991.0,4.0,J6,931000000.0,2022-03-18,Unknown,2022_manhattan.xlsx,1,D4,1,D4,1.0,72000,88000,6.8,2.0,5.15,,6956.326820338477,,,1,,
1.0,UPPER WEST SIDE (59-79),34 THEATRES,4,1119.0,8.0, ,J6,77 WEST 66TH STREET,            ,10023.0,0.0,1.0,1.0,27575.0,287822.0,1988.0,4.0,J6,931000000.0,2022-03-18,Unknown,2022_manhattan.xlsx,1,D4,1,D4,1.0,72000,88000,6.8,2.0,5.15,,3234.6380749213054,,,1,,
1.0,UPPER WEST SIDE (59-79),34 THEATRES,4,1119.0,21.0, ,J6,47 WEST 66TH STREET,            ,10023.0,0.0,1.0,1.0,47698.0,347053.0,1985.0,4.0,J6,931000000.0,2022-03-18,Unknown,2022_manhattan.xlsx,1,D4,1,D4,1.0,72000,88000,6.8,2.0,5.15,,2682.587385788338,,,1,,
1.0,SOUTHBRIDGE,11 SPECIAL CONDO BILLING LOTS,2,100.0,1201.0, ,RR,8 SPRUCE STREET,RR/R,10038.0,1.0,0.0,1.0,0.0,773169.0,2007.0,2.0,RR,930000000.0,2022-06-15,Unknown,2022_manhattan.xlsx,1,D4,1,D4,1.0,72000,88000,6.8,2.0,5.15,,1202.8418107813427,,,1,,
1.0,CHELSEA                  ,23  LOFT BUILDINGS                          ,4,672.0,1.0, ,O9,601 WEST 26TH   STREET                   ,            ,10001.0,0.0,208.0,208.0,124100.0,1835150.0,1931.0,4.0,L9,920000000.0,2011-07-29,Unknown,2011_manhattan.xls,1,D4,1,D4,1.0,72000,88000,6.8,2.0,10.0,,501.3214178677492,,,1,,
1.0,MIDTOWN CBD,21 OFFICE BUILDINGS,1,1291.0,1.0, ,D4,711 5TH AVENUE,            ,10022.0,0.0,15.0,15.0,18062.0,310000.0,1927.0,4.0,O6,909267500.0,2019-08-22,Unknown,2019_manhattan.xlsx,1,D4,4,O6,1.0,72000,88000,6.8,2.0,7.25,,2933.120967741936,,,1,,
1.0,MIDTOWN CBD,21 OFFICE BUILDINGS,4,1277.0,14.0, ,O4,330 MADISON AVENUE,            ,10017.0,0.0,70.0,70.0,33137.0,733001.0,1965.0,4.0,O4,900000000.0,2020-02-28,Unknown,2020_manhattan.xlsx,1,D4,1,D4,1.0,72000,88000,6.8,2.0,10.0,,1227.8291571225686,,,1,,
1.0,CHELSEA,21 OFFICE BUILDINGS,1,673.0,1.0, ,D4,261 11TH AVENUE,            ,10001.0,0.0,42.0,42.0,136000.0,1129200.0,1912.0,4.0,O3,880000000.0,2018-10-23,Unknown,2018_manhattan.xlsx,1,D4,4,O3,1.0,72000,88000,6.8,2.0,10.0,,779.3127878143819,,,1,,
1.0,CHELSEA                  ,29  COMMERCIAL GARAGES                      ,4,689.0,17.0, ,G6,501 WEST 17TH   STREET                   ,            ,10011.0,0.0,0.0,0.0,76425.0,0.0,0.0,4.0,G6,870000000.0,2015-05-07,Unknown,2015_manhattan.xls,1,D4,1,D4,1.0,72000,88000,6.8,2.0,5.0,,,2015-07-05,7.0,1,2015.0,200.0
3.0,SPRING CREEK,08 RENTALS - ELEVATOR APARTMENTS,1,4435.0,1.0, ,D4,1155 PENNSYLVANIA AVENUE,780,11239.0,1092.0,0.0,1092.0,358496.0,997720.0,1971.0,2.0,D3,869612895.0,2018-05-04,Unknown,2018_brooklyn.xlsx,1,D4,2,D3,3.0,72000,88000,6.8,2.0,10.0,,871.6001433267851,2018-04-05,4.0,3,2018.0,47.0
1.0,FASHION,22 STORE BUILDINGS,1,840.0,42.0, ,D4,424 5 AVENUE,            ,10018.0,0.0,4.0,4.0,51271.0,697029.0,1920.0,4.0,K3,850000000.0,2019-02-08,Unknown,2019_manhattan.xlsx,1,D4,4,K3,1.0,72000,88000,6.8,2.0,5.6,,1219.461457127322,2019-08-02,8.0,1,2019.0,99.0
1.0,KIPS BAY,08 RENTALS - ELEVATOR APARTMENTS,2,967.0,1.0, ,D8,616-626 FIRST AVENUE,            ,10016.0,761.0,3.0,764.0,45190.0,922828.0,2014.0,2.0,D8,837000000.0,2022-03-01,Unknown,2022_manhattan.xlsx,1,D4,1,D4,1.0,72000,88000,6.8,2.0,10.0,,906.994586206747,2022-01-03,1.0,1,2022.0,8.0
1.0,MIDTOWN WEST             ,25  LUXURY HOTELS                           ,4,1005.0,1.0, ,H1,811 SEVENTH AVENUE                       ,            ,10019.0,0.0,13.0,13.0,60775.0,1172021.0,1960.0,4.0,H1,834518000.0,2006-02-28,Unknown,sales_manhattan_06.xls,1,D4,1,D4,1.0,72000,88000,6.8,2.0,6.95,,712.0333168091698,,,1,,
1.0,UPPER EAST SIDE (59-79),08 RENTALS - ELEVATOR APARTMENTS,2,1376.0,1.0, ,D8,800 5 AVENUE,            ,10065.0,208.0,26.0,234.0,28235.0,355978.0,1979.0,2.0,D8,810000000.0,2025-08-14,Unknown,2025_manhattan.xlsx,1,D4,1,D4,1.0,72000,88000,6.8,2.0,10.0,,2275.421514812713,,,1,,
1.0,MIDTOWN CBD              ,21  OFFICE BUILDINGS                        ,4,1300.0,14.0, ,O3,460 LEXINGTON AVENUE                     ,            ,10017.0,0.0,23.0,23.0,55228.0,1116774.0,1915.0,4.0,O3,810000000.0,2013-10-25,Unknown,2013_manhattan.xls,1,D4,1,D4,1.0,72000,88000,6.8,2.0,8.45,,725.3034185967797,,,1,,
1.0,JAVITS CENTER,21 OFFICE BUILDINGS,4,731.0,1.0, ,O6,460 WEST 34TH STREET,            ,10001.0,0.0,50.0,50.0,33900.0,538520.0,1927.0,4.0,O6,809912583.0,2020-12-18,Unknown,2020_manhattan.xlsx,1,D4,1,D4,1.0,72000,88000,6.8,2.0,10.0,,1503.9600813340269,,,1,,
1.0,FLATIRON                 ,28  COMMERCIAL CONDOS                       ,  ,853.0,1004.0, ,  ,1 MADISON AVENUE                         ,            ,10010.0,0.0,0.0,0.0,0.0,0.0,0.0,4.0,R5,801677769.0,2005-04-29,Unknown,sales_manhattan_05.xls,1,D4,1,D4,1.0,72000,88000,6.8,2.0,5.0,,,,,1,,
1.0,CHELSEA                  ,21  OFFICE BUILDINGS                        ,4,713.0,1.0, ,O9,75 NINTH AVENUE                          ,            ,10011.0,0.0,62.0,62.0,165200.0,1100533.0,1934.0,4.0,O9,795000000.0,2011-08-01,Unknown,2011_manhattan.xls,1,D4,1,D4,1.0,72000,88000,6.8,2.0,10.0,,722.3772481152314,2011-01-08,1.0,1,2011.0,77.0
1.0,MIDTOWN CBD              ,21  OFFICE BUILDINGS                        ,4,1300.0,1.0, ,O3,230 PARK AVENUE                          ,            ,10017.0,0.0,1.0,1.0,69153.0,1212596.0,1929.0,4.0,O3,760000000.0,2011-06-09,Unknown,2011_manhattan.xls,1,D4,1,D4,1.0,72000,88000,6.8,2.0,5.15,,626.7545002622472,2011-09-06,9.0,1,2011.0,82.0
1.0,MIDTOWN WEST,21 OFFICE BUILDINGS,4,1268.0,1.0, ,O4,51 WEST 52ND STREET,            ,10019.0,0.0,1.0,1.0,47725.0,817095.0,1963.0,4.0,O4,760000000.0,2021-10-13,Unknown,2021_manhattan.xlsx,1,D4,1,D4,1.0,72000,88000,6.8,2.0,5.15,,930.1244041390536,,,1,,
1.0,FINANCIAL                ,21  OFFICE BUILDINGS                        ,4,35.0,1.0, ,O4,32 OLD SLIP                              ,            ,10005.0,0.0,6.0,6.0,42176.0,973587.0,1987.0,4.0,O4,751000000.0,2007-08-29,Unknown,sales_2007_manhattan.xls,1,D4,1,D4,1.0,72000,88000,6.8,2.0,5.9,,771.3743096405354,,,1,,
1.0,FINANCIAL                ,21  OFFICE BUILDINGS                        ,4,44.0,1.0, ,O4,1 CHASE MANHATTAN PLAZ                   ,            ,10005.0,0.0,13.0,13.0,112555.0,2224000.0,1963.0,4.0,O4,725000000.0,2013-12-17,Unknown,2013_manhattan.xls,1,D4,1,D4,1.0,72000,88000,6.8,2.0,6.95,,325.98920863309354,,,1,,
1.0,FLATIRON                 ,21  OFFICE BUILDINGS                        ,4,825.0,31.0, ,O5,200 FIFTH AVENUE                         ,            ,10010.0,0.0,34.0,34.0,51642.0,704950.0,1910.0,4.0,O5,719469763.0,2011-09-15,Unknown,2011_manhattan.xls,1,D4,1,D4,1.0,72000,88000,6.8,2.0,10.0,,1020.5968692815092,,,1,,
1.0,MIDTOWN WEST,25 LUXURY HOTELS,1,1000.0,1.0, ,D4,701 7 AVENUE,            ,10036.0,0.0,4.0,4.0,16066.0,369864.0,1909.0,4.0,H1,719099999.0,2018-04-27,Unknown,2018_manhattan.xlsx,1,D4,4,H1,1.0,72000,88000,6.8,2.0,5.6,,1944.2281460212405,,,1,,
1.0,MIDTOWN WEST             ,                                            ,4,1268.0,1103.0, ,RK,666 5 AVENUE                             ,COMM 2      ,10019.0,0.0,0.0,1.0,0.0,0.0,1958.0,4.0,RK,707820000.0,2012-12-06,Unknown,2012_manhattan.xls,1,D4,1,D4,1.0,72000,88000,6.8,2.0,5.15,,,2012-06-12,6.0,1,2012.0,54.0
1.0,MIDTOWN CBD              ,21  OFFICE BUILDINGS                        ,4,1300.0,1.0, ,O3,230 PARK AVENUE                          ,            ,10017.0,0.0,1.0,1.0,69153.0,1212596.0,1929.0,4.0,O3,705000000.0,2005-11-09,Unknown,sales_manhattan_05.xls,1,D4,1,D4,1.0,72000,88000,6.8,2.0,5.15,,581.3972666906373,2005-09-11,9.0,1,2005.0,76.0
1.0,MIDTOWN CBD,21 OFFICE BUILDINGS,1,1298.0,23.0, ,D4,425 LEXINGTON AVENUE,            ,10017.0,0.0,42.0,42.0,35145.0,627691.0,1987.0,4.0,O4,701000000.0,2018-10-30,Unknown,2018_manhattan.xlsx,1,D4,4,O4,1.0,72000,88000,6.8,2.0,10.0,,1116.791542335321,,,1,,
1.0,SOHO,43 CONDO OFFICE BUILDINGS,1,596.0,1101.0, ,D4,550 WASHINGTON STREET,UNIT A,10014.0,0.0,1.0,1.0,0.0,0.0,1933.0,4.0,RB,700000000.0,2018-01-31,Unknown,2018_manhattan.xlsx,1,D4,4,RB,1.0,72000,88000,6.8,2.0,5.15,,,,,1,,
1.0,FASHION                  ,21  OFFICE BUILDINGS                        ,4,808.0,40.0, ,O3,100 WEST 33RD ST                         ,            ,10001.0,0.0,170.0,170.0,79002.0,1105991.0,1911.0,4.0,O3,688979666.0,2007-01-10,Unknown,sales_2007_manhattan.xls,1,D4,1,D4,1.0,72000,88000,6.8,2.0,10.0,,622.9523260135028,2007-10-01,10.0,1,2007.0,96.0
1.0,UPPER EAST SIDE (59-79)  ,21  OFFICE BUILDINGS                        ,4,1374.0,14.0, ,O3,650 MADISON AVENUE                       ,            ,10022.0,0.0,1.0,1.0,35447.0,449876.0,1957.0,4.0,O3,680000000.0,2008-04-07,Unknown,sales_2008_manhattan.xls,1,D4,1,D4,1.0,72000,88000,6.8,2.0,5.15,,1511.527620944438,2008-07-04,7.0,1,2008.0,51.0
1.0,MIDTOWN CBD              ,21  OFFICE BUILDINGS                        ,4,1298.0,23.0, ,O3,425 LEXINGTON AVENUE                     ,            ,10017.0,0.0,7.0,7.0,35145.0,627691.0,1987.0,4.0,O3,664438582.0,2013-06-28,Unknown,2013_manhattan.xls,1,D4,1,D4,1.0,72000,88000,6.8,2.0,6.05,,1058.5440638785644,,,1,,
1.0,MIDTOWN WEST             ,25  LUXURY HOTELS                           ,4,1274.0,11.0, ,H2,36 CENTRAL PARK SOUTH                    ,            ,10019.0,0.0,4.0,4.0,20275.0,442000.0,1972.0,4.0,H2,654316305.0,2013-11-25,Unknown,2013_manhattan.xls,1,D4,1,D4,1.0,72000,88000,6.8,2.0,5.6,,1480.3536312217195,,,1,,
1.0,FINANCIAL,21 OFFICE BUILDINGS                        ,1,29.0,1.0, ,D4,85 BROAD STREET, ,10004.0,0.0,1.0,1.0,42762.0,993569.0,1983.0,4.0,O4,652000000.0,2017-05-24,Unknown,2017_manhattan.xls,4,O4,1,D4,1.0,72000,88000,6.8,2.0,5.15,,656.2201517962013,,,1,,
1.0,MIDTOWN WEST,21 OFFICE BUILDINGS,1,993.0,29.0, ,D4,5 BRYANT PARK,            ,10018.0,0.0,95.0,95.0,27200.0,654137.0,1958.0,4.0,O4,640000000.0,2018-05-23,Unknown,2018_manhattan.xlsx,1,D4,4,O4,1.0,72000,88000,6.8,2.0,10.0,,978.3883192664532,,,1,,
1.0,UPPER EAST SIDE (59-79)  ,08  RENTALS - ELEVATOR APARTMENTS           ,  ,1420.0,1.0, ,  ,1111 3 AVENUE                            ,            ,10021.0,0.0,0.0,0.0,0.0,0.0,0.0,2.0,D6,623000000.0,2005-10-20,Unknown,sales_manhattan_05.xls,1,D4,1,D4,1.0,72000,88000,6.8,2.0,5.0,,,,,1,,
1.0,KIPS BAY                 ,08  RENTALS - ELEVATOR APARTMENTS           ,2,934.0,1.0, ,D6,460-520 2ND AVENUE                       ,            ,10016.0,894.0,8.0,902.0,141836.0,829024.0,1975.0,2.0,D6,620000000.0,2016-12-08,Unknown,2016_manhattan.xls,1,D4,1,D4,1.0,72000,88000,6.8,2.0,10.0,,747.8673717528081,2016-08-12,8.0,1,2016.0,41.0
1.0,MIDTOWN CBD,21 OFFICE BUILDINGS,1,1310.0,1.0, ,D4,425 PARK AVENUE,            ,10022.0,0.0,0.0,0.0,27950.0,666996.0,1957.0,4.0,O4,616755253.0,2019-11-25,Unknown,2019_manhattan.xlsx,1,D4,4,O4,1.0,72000,88000,6.8,2.0,5.0,,924.6760895117812,,,1,,
1.0,MIDTOWN EAST             ,21  OFFICE BUILDINGS                        ,4,1327.0,1.0, ,O4,885 THIRD AVE                            ,            ,10022.0,0.0,1.0,1.0,26130.0,554180.0,1986.0,4.0,O4,606785000.0,2007-07-10,Unknown,sales_2007_manhattan.xls,1,D4,1,D4,1.0,72000,88000,6.8,2.0,5.15,,1094.9240319029918,2007-10-07,10.0,1,2007.0,21.0
1.0,TRIBECA                  ,21  OFFICE BUILDINGS                        ,4,186.0,1.0, ,O4,107 NORTH MOORE STREET                   ,            ,10013.0,0.0,1.0,1.0,82323.0,1594289.0,1989.0,4.0,O4,604546041.0,2007-12-18,Unknown,sales_2007_manhattan.xls,1,D4,1,D4,1.0,72000,88000,6.8,2.0,5.15,,379.1947639355224,,,1,,
1.0,MIDTOWN WEST             ,21  OFFICE BUILDINGS                        ,4,1027.0,20.0, ,O4,1740 BROADWAY                            ,            ,10019.0,0.0,2.0,2.0,29500.0,519600.0,1950.0,4.0,O4,600912768.0,2014-12-18,Unknown,2014_manhattan.xls,1,D4,1,D4,1.0,72000,88000,6.8,2.0,5.3,,1156.4910854503464,,,1,,
1.0,FINANCIAL,08 RENTALS - ELEVATOR APARTMENTS,2,51.0,14.0, ,D8,22 THAMES STREET,            ,10006.0,439.0,2.0,441.0,9086.0,455815.0,2016.0,2.0,D8,598155755.0,2023-01-31,Unknown,2023_manhattan.xlsx,1,D4,1,D4,1.0,72000,88000,6.8,2.0,10.0,,1312.2774700262169,,,1,,
1.0,MIDTOWN WEST,43 CONDO OFFICE BUILDINGS,1,1027.0,1502.0, ,D4,1731 BROADWAY,2,10019.0,0.0,1.0,1.0,0.0,0.0,0.0,4.0,RB,595628931.0,2018-05-24,Unknown,2018_manhattan.xlsx,1,D4,4,RB,1.0,72000,88000,6.8,2.0,5.15,,,,,1,,
1.0,CHELSEA,21 OFFICE BUILDINGS,1,712.0,1.0, ,D4,450 WEST 15TH,            ,10011.0,0.0,30.0,30.0,34188.0,281361.0,1936.0,4.0,O6,591800000.0,2019-05-22,Unknown,2019_manhattan.xlsx,1,D4,4,O6,1.0,72000,88000,6.8,2.0,9.5,,2103.3476565693186,,,1,,
1.0,MIDTOWN WEST             ,21  OFFICE BUILDINGS                        ,4,1040.0,29.0, ,O9,815 8 AVENUE                             ,            ,10019.0,0.0,1.0,1.0,58240.0,1596521.0,1987.0,4.0,O9,590333250.0,2009-07-22,Unknown,2009_manhattan.xls,1,D4,1,D4,1.0,72000,88000,6.8,2.0,5.15,,369.7622831143468,,,1,,
1.0,FINANCIAL                ,21  OFFICE BUILDINGS                        ,4,23.0,7.0, ,O4,ONE WALL STREET                          ,            ,10004.0,0.0,1.0,1.0,42178.0,1165659.0,1930.0,4.0,O4,585000000.0,2014-09-30,Unknown,2014_manhattan.xls,1,D4,1,D4,1.0,72000,88000,6.8,2.0,5.15,,501.8620368392472,,,1,,
1.0,MIDTOWN WEST,21 OFFICE BUILDINGS,4,998.0,29.0, ,O4,1177 AVENUE OF THE AMER,            ,10036.0,0.0,76.0,76.0,32134.0,912955.0,1988.0,4.0,O4,572290334.0,2025-09-15,Unknown,2025_manhattan.xlsx,1,D4,1,D4,1.0,72000,88000,6.8,2.0,10.0,,626.854920560159,,,1,,
1.0,MIDTOWN EAST,21 OFFICE BUILDINGS,1,1321.0,22.0, ,D4,885 2 AVENUE,            ,10017.0,0.0,27.0,27.0,40820.0,805467.0,1971.0,4.0,O4,565754371.0,2019-01-08,Unknown,2019_manhattan.xlsx,1,D4,4,O4,1.0,72000,88000,6.8,2.0,9.05,,702.3929856840814,2019-08-01,8.0,1,2019.0,48.0
1.0,FASHION                  ,21  OFFICE BUILDINGS                        ,4,833.0,11.0, ,O4,1250 BROADWAY                            ,            ,10001.0,0.0,55.0,55.0,30750.0,645977.0,1969.0,4.0,O4,565000000.0,2016-11-01,Unknown,2016_manhattan.xls,1,D4,1,D4,1.0,72000,88000,6.8,2.0,10.0,,874.644143676942,2016-01-11,1.0,1,2016.0,47.0
1.0,MURRAY HILL              ,21  OFFICE BUILDINGS                        ,4,862.0,29.0, ,O3,2 PARK AVENUE                            ,            ,10016.0,0.0,67.0,67.0,40487.0,850752.0,1927.0,4.0,O3,565000000.0,2007-01-05,Unknown,sales_2007_manhattan.xls,1,D4,1,D4,1.0,72000,88000,6.8,2.0,10.0,,664.1183329571955,2007-05-01,5.0,1,2007.0,80.0
1.0,MIDTOWN WEST             ,28  COMMERCIAL CONDOS                       ,4,998.0,1005.0, ,R5,1538 BROADWAY                            ,OFFC        ,10036.0,0.0,1.0,1.0,0.0,0.0,1987.0,4.0,R5,560000000.0,2006-07-11,Unknown,sales_manhattan_06.xls,1,D4,1,D4,1.0,72000,88000,6.8,2.0,5.15,,,2006-11-07,11.0,1,2006.0,19.0
1.0,MIDTOWN WEST             ,21  OFFICE BUILDINGS                        ,4,999.0,29.0, ,O3,1185 AVENUE OF AMERICAS                  ,            ,10036.0,0.0,50.0,50.0,42049.0,1047390.0,1970.0,4.0,O3,560000000.0,2007-01-25,Unknown,sales_2007_manhattan.xls,1,D4,1,D4,1.0,72000,88000,6.8,2.0,10.0,,534.6623511776893,,,1,,
